{"is_source_file": false, "format": "", "description": "", "external_files": [], "external_methods": [], "published": [], "classes": [], "methods": [], "calls": [], "search-terms": [], "state": 2, "file_id": 12, "knowledge_revision": 31, "git_revision": "e45a3fd10fc51bc5adb1d459e1bf8afdc78f53bc", "hash": "c55e017635ac1b469c7c7c2ee2107254", "format-version": 4, "code-base-name": "tic_tac_toe_frontend", "filename": "README.md", "revision_history": [{"31": "e45a3fd10fc51bc5adb1d459e1bf8afdc78f53bc"}]}