{"is_source_file": false, "format": "", "description": "", "external_files": [], "external_methods": [], "published": [], "classes": [], "methods": [], "calls": [], "search-terms": [], "state": 2, "file_id": 12, "knowledge_revision": 17, "git_revision": "23dd384fec2a0e3abffa3ee8316780faad375347", "hash": "bcf12d51725f0eea6a3a1416ba68fa40", "format-version": 4, "code-base-name": "tic_tac_toe_frontend", "filename": "README.md", "revision_history": [{"17": "23dd384fec2a0e3abffa3ee8316780faad375347"}]}