{"is_source_file": false, "format": "", "description": "", "external_files": [], "external_methods": [], "published": [], "classes": [], "methods": [], "calls": [], "search-terms": [], "state": 2, "file_id": 11, "knowledge_revision": 30, "git_revision": "e45a3fd10fc51bc5adb1d459e1bf8afdc78f53bc", "hash": "b768e8808c5199d17c737cb86ad3435f", "format-version": 4, "code-base-name": "tic_tac_toe_frontend", "filename": "tic_tac_toe_frontend/README.md", "revision_history": [{"30": "e45a3fd10fc51bc5adb1d459e1bf8afdc78f53bc"}]}