{"is_source_file": true, "format": "JavaScript (React JSX)", "description": "This file serves as the entry point for a React-based frontend application, initializing React in the DOM and rendering the main App component.", "external_files": ["react", "react-dom/client", "./index.css", "./App"], "external_methods": ["ReactDOM.createRoot", "root.render"], "published": ["React", "ReactDOM", "root"], "classes": [], "methods": [{"name": "ReactDOM.createRoot", "description": "Creates a React root for rendering React elements into the DOM."}, {"name": "root.render", "description": "Renders React elements into the created root."}], "calls": ["ReactDOM.createRoot", "root.render", "document.getElementById", "<React.StrictMode>", "<App />"], "search-terms": ["React", "createRoot", "ReactDOM", "render", "index.js", "React StrictMode", "App component"], "state": 2, "file_id": 6, "knowledge_revision": 25, "git_revision": "91732cd68140ed09b0c0e4c32a38e8b4402545ce", "ctags": [{"_type": "tag", "name": "root", "path": "/home/kavia/workspace/code-generation/two-player-tic-tac-toe-211037-211046/tic_tac_toe_frontend/src/index.js", "pattern": "/^const root = ReactDOM.createRoot(document.getElementById('root'));$/", "language": "JavaScript", "kind": "constant"}], "hash": "9fc5841375336fc175b49f8767a11383", "format-version": 4, "code-base-name": "tic_tac_toe_frontend", "filename": "tic_tac_toe_frontend/src/index.js", "revision_history": [{"25": "91732cd68140ed09b0c0e4c32a38e8b4402545ce"}]}