{"is_source_file": false, "format": null, "description": "", "external_files": [], "external_methods": [], "published": [], "classes": [], "methods": [], "calls": [], "search-terms": [], "state": 2, "file_id": 5, "knowledge_revision": 28, "git_revision": "91732cd68140ed09b0c0e4c32a38e8b4402545ce", "hash": "df67e1c3d1551b048b9552873deacde5", "format-version": 4, "code-base-name": "tic_tac_toe_frontend", "filename": "tic_tac_toe_frontend/src/index.css", "revision_history": [{"28": "91732cd68140ed09b0c0e4c32a38e8b4402545ce"}]}