{"is_source_file": true, "format": "JavaScript (React JSX)", "description": "This is a React front-end source file implementing a Tic Tac Toe game. It contains components for the game board, squares, game status, and main app logic with state management and game rules.", "external_files": ["./App.css"], "external_methods": ["React.useMemo", "React.useState"], "published": ["calculateWinner", "Square", "Board", "Status", "App"], "classes": [], "methods": [{"name": "calculateWinner(squares)", "description": "Calculates and returns the winner and winning line for the current game board, or null if no winner.", "scope": "", "scopeKind": ""}, {"name": "Square({ value, onClick, isWinning, isDisabled })", "description": "Functional component rendering a single Tic Tac Toe square with display and click handling.", "scope": "", "scopeKind": ""}, {"name": "Board({ squares, onPlay, winningLine, isGameOver })", "description": "Component rendering the Tic Tac Toe grid of squares and handling square interactions.", "scope": "", "scopeKind": ""}, {"name": "Status({ winner, isDraw, nextPlayer })", "description": "Displays current game status: next player, winner, or draw.", "scope": "", "scopeKind": ""}, {"name": "App()", "description": "Main component managing game state and rendering the game layout and controls.", "scope": "", "scopeKind": ""}], "calls": ["calculateWinner(squares)", "useMemo(() => calculateWinner(squares), [squares])", "useMemo(() => { ... }, [winner, isDraw, nextPlayer])", "setSquares(next)", "setXIsNext(v => !v)", "squares.slice()"], "search-terms": ["calculateWinner", "React", "Tic Tac Toe", "Square component", "Board layout", "Game state management", "Restart game", "Winner detection", "React hooks", "Functional component"], "state": 2, "file_id": 2, "knowledge_revision": 26, "git_revision": "91732cd68140ed09b0c0e4c32a38e8b4402545ce", "revision_history": [{"24": "91732cd68140ed09b0c0e4c32a38e8b4402545ce"}, {"26": "91732cd68140ed09b0c0e4c32a38e8b4402545ce"}], "ctags": [{"_type": "tag", "name": "App", "path": "/home/kavia/workspace/code-generation/two-player-tic-tac-toe-211037-211046/tic_tac_toe_frontend/src/App.js", "pattern": "/^function App() {$/", "language": "JavaScript", "kind": "function", "signature": "()"}, {"_type": "tag", "name": "Board", "path": "/home/kavia/workspace/code-generation/two-player-tic-tac-toe-211037-211046/tic_tac_toe_frontend/src/App.js", "pattern": "/^function Board({ squares, onPlay, winningLine, isGameOver }) {$/", "language": "JavaScript", "kind": "function", "signature": "({ squares, onPlay, winningLine, isGameOver })"}, {"_type": "tag", "name": "Square", "path": "/home/kavia/workspace/code-generation/two-player-tic-tac-toe-211037-211046/tic_tac_toe_frontend/src/App.js", "pattern": "/^function Square({ value, onClick, isWinning, isDisabled }) {$/", "language": "JavaScript", "kind": "function", "signature": "({ value, onClick, isWinning, isDisabled })"}, {"_type": "tag", "name": "Status", "path": "/home/kavia/workspace/code-generation/two-player-tic-tac-toe-211037-211046/tic_tac_toe_frontend/src/App.js", "pattern": "/^function Status({ winner, isDraw, nextPlayer }) {$/", "language": "JavaScript", "kind": "function", "signature": "({ winner, isDraw, nextPlayer })"}, {"_type": "tag", "name": "[ \"ttt-square\", value ? \"ttt-square--filled\" : \"\", isWinning ? \"ttt-square--winning\" : \"\", ]", "path": "/home/kavia/workspace/code-generation/two-player-tic-tac-toe-211037-211046/tic_tac_toe_frontend/src/App.js", "pattern": "/^        \"ttt-square\",$/", "language": "JavaScript", "kind": "field", "scope": "Square.className", "scopeKind": "class"}, {"_type": "tag", "name": "[ \"ttt-status\", winner ? \"ttt-status--winner\" : \"\", isDraw ? \"ttt-status--draw\" : \"\", ]", "path": "/home/kavia/workspace/code-generation/two-player-tic-tac-toe-211037-211046/tic_tac_toe_frontend/src/App.js", "pattern": "/^        \"ttt-status\",$/", "language": "JavaScript", "kind": "field", "scope": "Status.className", "scopeKind": "class"}, {"_type": "tag", "name": "calculateWinner", "path": "/home/kavia/workspace/code-generation/two-player-tic-tac-toe-211037-211046/tic_tac_toe_frontend/src/App.js", "pattern": "/^function calculateWinner(squares) {$/", "language": "JavaScript", "kind": "function", "signature": "(squares)"}, {"_type": "tag", "name": "handlePlay", "path": "/home/kavia/workspace/code-generation/two-player-tic-tac-toe-211037-211046/tic_tac_toe_frontend/src/App.js", "pattern": "/^            onPlay={handlePlay}$/", "language": "JavaScript", "kind": "field", "scope": "App.onPlay", "scopeKind": "class"}, {"_type": "tag", "name": "handleRestart", "path": "/home/kavia/workspace/code-generation/two-player-tic-tac-toe-211037-211046/tic_tac_toe_frontend/src/App.js", "pattern": "/^              onClick={handleRestart}$/", "language": "JavaScript", "kind": "field", "scope": "App.onClick", "scopeKind": "class"}, {"_type": "tag", "name": "isDisabled", "path": "/home/kavia/workspace/code-generation/two-player-tic-tac-toe-211037-211046/tic_tac_toe_frontend/src/App.js", "pattern": "/^      disabled={isDisabled}$/", "language": "JavaScript", "kind": "field", "scope": "Square.disabled", "scopeKind": "class"}, {"_type": "tag", "name": "isDraw", "path": "/home/kavia/workspace/code-generation/two-player-tic-tac-toe-211037-211046/tic_tac_toe_frontend/src/App.js", "pattern": "/^            isDraw={isDraw}$/", "language": "JavaScript", "kind": "field", "scope": "App.isDraw", "scopeKind": "class"}, {"_type": "tag", "name": "isGameOver", "path": "/home/kavia/workspace/code-generation/two-player-tic-tac-toe-211037-211046/tic_tac_toe_frontend/src/App.js", "pattern": "/^            isGameOver={isGameOver}$/", "language": "JavaScript", "kind": "field", "scope": "App.isGameOver", "scopeKind": "class"}, {"_type": "tag", "name": "onClick", "path": "/home/kavia/workspace/code-generation/two-player-tic-tac-toe-211037-211046/tic_tac_toe_frontend/src/App.js", "pattern": "/^      onClick={onClick}$/", "language": "JavaScript", "kind": "field", "scope": "Square.onClick", "scopeKind": "class"}, {"_type": "tag", "name": "squares", "path": "/home/kavia/workspace/code-generation/two-player-tic-tac-toe-211037-211046/tic_tac_toe_frontend/src/App.js", "pattern": "/^            squares={squares}$/", "language": "JavaScript", "kind": "field", "scope": "App.squares", "scopeKind": "class"}, {"_type": "tag", "name": "value", "path": "/home/kavia/workspace/code-generation/two-player-tic-tac-toe-211037-211046/tic_tac_toe_frontend/src/App.js", "pattern": "/^      aria-label={value ? `Square ${value}` : \"Empty square\"}$/", "language": "JavaScript", "kind": "field", "scope": "Square.aria", "scopeKind": "class"}, {"_type": "tag", "name": "winner", "path": "/home/kavia/workspace/code-generation/two-player-tic-tac-toe-211037-211046/tic_tac_toe_frontend/src/App.js", "pattern": "/^            winner={winner}$/", "language": "JavaScript", "kind": "field", "scope": "App.winner", "scopeKind": "class"}, {"_type": "tag", "name": "winningLine", "path": "/home/kavia/workspace/code-generation/two-player-tic-tac-toe-211037-211046/tic_tac_toe_frontend/src/App.js", "pattern": "/^            winningLine={winningLine}$/", "language": "JavaScript", "kind": "field", "scope": "App.winningLine", "scopeKind": "class"}, {"_type": "tag", "name": "xIsNext", "path": "/home/kavia/workspace/code-generation/two-player-tic-tac-toe-211037-211046/tic_tac_toe_frontend/src/App.js", "pattern": "/^            nextPlayer={xIsNext ? \"X\" : \"O\"}$/", "language": "JavaScript", "kind": "field", "scope": "App.nextPlayer", "scopeKind": "class"}], "hash": "98bf472ad98b6a98e0d70d277f83597a", "format-version": 4, "code-base-name": "tic_tac_toe_frontend", "filename": "tic_tac_toe_frontend/src/App.js", "fields": [{"name": "\"ttt-square\",", "scope": "Square.className", "scopeKind": "class", "description": "unavailable"}, {"name": "\"ttt-status\",", "scope": "Status.className", "scopeKind": "class", "description": "unavailable"}, {"name": "onPlay={handlePlay}", "scope": "App.onPlay", "scopeKind": "class", "description": "unavailable"}, {"name": "onClick={handleRestart}", "scope": "App.onClick", "scopeKind": "class", "description": "unavailable"}, {"name": "disabled={isDisabled}", "scope": "Square.disabled", "scopeKind": "class", "description": "unavailable"}, {"name": "isDraw={isDraw}", "scope": "App.isDraw", "scopeKind": "class", "description": "unavailable"}, {"name": "isGameOver={isGameOver}", "scope": "App.isGameOver", "scopeKind": "class", "description": "unavailable"}, {"name": "onClick={onClick}", "scope": "Square.onClick", "scopeKind": "class", "description": "unavailable"}, {"name": "squares={squares}", "scope": "App.squares", "scopeKind": "class", "description": "unavailable"}, {"name": "aria-label={value ? `Square ${value}` : \"Empty square\"}", "scope": "Square.aria", "scopeKind": "class", "description": "unavailable"}, {"name": "winner={winner}", "scope": "App.winner", "scopeKind": "class", "description": "unavailable"}, {"name": "winningLine={winningLine}", "scope": "App.winningLine", "scopeKind": "class", "description": "unavailable"}, {"name": "nextPlayer={xIsNext ? \"X\" : \"O\"}", "scope": "App.nextPlayer", "scopeKind": "class", "description": "unavailable"}]}