{"is_source_file": false, "format": "", "description": "", "external_files": [], "external_methods": [], "published": [], "classes": [], "methods": [], "calls": [], "search-terms": ["App.css", "CSS", "styling", "theme", "tic-tac-toe"], "state": 2, "file_id": 3, "knowledge_revision": 27, "git_revision": "91732cd68140ed09b0c0e4c32a38e8b4402545ce", "hash": "3bda99433a5dc556169d74baea93f5f2", "format-version": 4, "code-base-name": "tic_tac_toe_frontend", "filename": "tic_tac_toe_frontend/src/App.css", "revision_history": [{"27": "91732cd68140ed09b0c0e4c32a38e8b4402545ce"}]}